user_id,lot_id,quantity
1,1,997.510000
1,2,1001.890000
1,3,967.160000
1,4,994.410000
1,5,981.440000
2,1,1000.000000
2,2,1000.000000
2,3,1000.000000
2,4,1000.000000
2,5,1000.000000
3,1,1167.000000
3,2,999.589677
3,3,1240.704886
3,4,1009.091742
3,5,973.140696
4,1,896.000000
4,2,998.010000
4,3,673.460000
4,4,945.540000
4,5,1085.660000
5,1,1000.0000
5,2,1000.0000
5,3,1000.0000
5,4,1000.0000
5,5,1000.0000
